Paper,,,,,Datasets Used,Methods,Goal/Objective,,,Performance Eval,,,,Limitations
Title,Performance Eval Category,Performance Eval Subcategory,Misc Tags,Reader,Data Categories,Method,Forecasting Window,Additional Categories,Level,Target,Metrics,Uncertainty?,Uncertainty v2,Broad Categories
‚ÄúStay nearby or get checked‚Äù: A Covid-19 control strategy,not evaluable,not evaluable,,Sonia,cases,compartmental,Long-term,"Scenarios, Interventions","national, regional","cases, RT",NA,no,no,"note factors that were not accounted for in their model, data"
A compartmental epidemic model incorporating probable cases to model COVID-19 outbreak in regions with limited testing capacity,metric-based,evaluate one model,,Sonia,"cases, testing",compartmental,Short-term,,state,cases,RMSE,95% CIs,CIs/PIs,none
A data-driven model to describe and forecast the dynamics of COVID-19 transmission,none,none,,Felix,"cases, deaths",compartmental,Short-term,,national,"cases, deaths",NA,no,no,data
A decision analytic approach for social distancing policies during early stages of COVID-19 pandemic,not evaluable,not evaluable,,Sonia,cases,compartmental,Long-term,"Scenarios, Interventions",regional,"cases, RT, deaths",NA,95% CIs,CIs/PIs,"unknown factors that affect covid outcomes, note factors that were not accounted for in their model"
A fractional-order SEIHDR model for COVID-19 with inter-city networked coupling effects,none,none,,further discussion,cases,compartmental,Short-term,,"national, regional","cases, deaths",NA,no,no,none
A Mass-Conservation Model for Stability Analysis and Finite-Time Estimation of Spread of COVID-19,not evaluable,not evaluable,,Felix,"cases, deaths",compartmental,Long-term,,national,"cases, deaths",NA,no,no,none
A model and predictions for COVID-19 considering population behavior and vaccination,not evaluable,not evaluable,,Felix,cases,compartmental,Long-term,Scenarios,"state, city",cases,NA,no,no,"data, unknown factors that affect covid outcomes"
A modified age-structured SIR model for COVID-19 type viruses,not evaluable,not evaluable,,Felix,demographics,compartmental,Long-term,"Scenarios, Interventions",county,"cases, hospitalizations",NA,no,no,note factors that were not accounted for in their model
A multi-method approach to modeling COVID-19 disease dynamics in the United States,metric-based,evaluate one model,,Felix,"cases, deaths, demographics, hospital resources",hybrid,Short-term,,"state, county",cases,MAE,95% CIs,CIs/PIs,"data, limitations specific to the methods used, note factors that were not accounted for in their model"
A novel compartmental model to capture the nonlinear trend of COVID-19,not evaluable,not evaluable,,Felix,"cases, deaths, demographics",compartmental,Long-term,,state,"cases, deaths",NA,no,no,none
A Novel Intelligent Computational Approach to Model Epidemiological Trends and Assess the Impact of Non-Pharmacological Interventions for COVID-19,not evaluable,not evaluable,,Felix,cases,statistical,Long-term,Interventions,national,cases,NA,95% CIs,CIs/PIs,"data, unknown factors that affect covid outcomes"
A predictive model and country risk assessment for COVID-19: An application of the Limited Failure Population concept,none,none,chaos,Felix,cases,statistical,Short-term,,national,cases,none,no,no,note factors that were not accounted for in their model
A predictive model for Covid-19 spread applied to eight US states,not evaluable,not evaluable,hub preprint,Sonia,"cases, deaths",compartmental,Long-term,"Interventions, Scenarios",state,"cases, deaths",NA,sensitivity analysis,sensitivity analysis,"note factors that were not accounted for in their model, data"
A random forest model for forecasting regional COVID-19 cases utilizing reproduction number estimates and demographic data ,metric-based,compare to hub,hub preprint,Sonia,"cases, rt, demographics, mobility, testing, health risk factors",statistical,Short-term,,county,cases,"MAE, R2",no,no,data
"A seq2seq model to forecast the COVID-19 cases, deaths and reproductive R numbers in US counties ",metric-based,compare to hub,hub preprint,Sonia,"cases, deaths, human behavior, demographics",statistical,Short-term,,county,"cases, deaths, RT","ARE, pearson correlation",no,no,data
A SIR model assumption for the spread of COVID-19 in different communities,not evaluable,not evaluable,chaos,Felix,"cases, deaths",compartmental,Long-term,,national,cases,NA,no,no,none
A SIR-type model describing the successive waves of COVID-19,not evaluable,not evaluable,chaos,Felix,"cases, deaths",compartmental,Long-term,,national,"cases, deaths",NA,no,no,none
A Spatiotemporal Tool to Project Hospital Critical Care Capacity and Mortality From COVID-19 in US Counties,not evaluable,not evaluable,,Felix,"cases, mobility, hospitalizations",compartmental,Long-term,"Scenarios, Interventions",national,cases,NA,no,no,"data, limitations specific to the methods used, note factors that were not accounted for in their model"
Accurate long-range forecasting of COVID-19 mortality in the USA,metric-based,compare to hub,,Felix,"cases, deaths, testing, mobility, climate",statistical,Short-term,,national,"cases, deaths",MAPE,no,no,none
Age-group-targeted testing for COVID-19 as a new prevention strategy,not evaluable,not evaluable,,Felix,"cases, deaths, demographics",compartmental,Long-term,,national,"cases, deaths",NA,no,no,"data, note factors that were not accounted for in their model"
"An Agent-Based Modeling of COVID-19: Validation, Analysis, and Recommendations",not evaluable,not evaluable,,Sonia,"demographics, cases, policy, human behavior",compartmental,Long-term,"Scenarios, Interventions",city,"cases, RT",NA,no,no,none
An epidemiological modelling approach for COVID-19 via data assimilation,not evaluable,not evaluable,,Felix,"cases, deaths",compartmental,Long-term,,national,"cases, deaths",NA,no,no,note factors that were not accounted for in their model
Analysis of transmission dynamics of COVID-19 via closed-form solutions of a susceptible-infectious-quarantined-diseased model with a quarantine-adjusted incidence function,not evaluable,not evaluable,,Felix,cases,compartmental,Long-term,,national,cases,NA,no,no,none
Applicability of time fractional derivative models for simulating the dynamics and mitigation scenarios of COVID-19,not evaluable,not evaluable,chaos,Felix,"cases, deaths",compartmental,Long-term,,national,"cases, deaths",NA,no,no,none
Assessing effects of reopening policies on COVID-19 pandemic in Texas with a data-driven transmission model,not evaluable,not evaluable,,Felix,"cases, deaths",compartmental,Long-term,"Scenarios, Interventions",state,cases,NA,no,no,"data, note factors that were not accounted for in their model"
"Association of Simulated COVID-19 Vaccination and Nonpharmaceutical Interventions With Infections, Hospitalizations, and Mortality",not evaluable,not evaluable,,Sonia,"demographics, cases, mobility",hybrid,Long-term,"Scenarios, Interventions",state,"cases, hospitalizations, deaths",NA,no,no,"unknown factors that affect covid outcomes, note factors that were not accounted for in their model, limited generalizability"
Better strategies for containing COVID-19 pandemic: A study of 25 countries via a vSIADR model,not evaluable,not evaluable,,Felix,"cases, deaths, policy",compartmental,Long-term,"Scenarios, Interventions",national,cases,NA,no,no,data
Capping Mobility to Control COVID-19: A Collision-based Infectious Disease Transmission Model,not evaluable,not evaluable,hub preprint,Sonia,"deaths, mobility",statistical,Long-term,,county,"cases, deaths",NA,no,no,"note factors that were not accounted for in their model, data"
Comparative study of machine learning methods for COVID-19 transmission forecasting,metric-based,compare internally,,Sonia,"cases, deaths",statistical,Short-term,,national,cases,"R2, RMSE, MAE, MSLE, EV",no,no,none
Compliance and containment in social distancing: mathematical modeling of COVID-19 across townships,not evaluable,not evaluable,,Felix,cases,compartmental,Long-term,Scenarios,"state, town",cases,NA,no,no,note factors that were not accounted for in their model
Count regression models for COVID-19,metric-based,compare internally,,Felix,cases,statistical,Short-term,,national,cases,"AIC, BIC",95% CIs,CIs/PIs,limited generalizability
COUnty aggRegation mixup AuGmEntation (COURAGE) COVID-19 prediction,metric-based,"compare to hub, compare internally",,Felix,"cases, deaths, mobility, demographics",statistical,Short-term,,county,deaths,MAE,no,no,"note factors that were not accounted for in their model, limitations specific to the methods used"
Covasim: An agent-based model of COVID-19 dynamics and interventions,none,none,,Felix,"cases, deaths, testing, hospitalizations, demographics, human behavior",compartmental,"Short-term, Long-term","Scenarios, Interventions","national, state, county","cases, deaths, hospitalizations, tests",NA,80% CIs,CIs/PIs,"data, limitations specific to the methods used, unknown factors that affect covid outcomes, note factors that were not accounted for in their model"
COVID-19 dynamics across the US: A deep learning study of human mobility and social behavior,metric-based,evaluate one model,,Felix,mobility,hybrid,"Short-term, Long-term",Scenarios,county,cases,MAE,no,no,"data, limitations specific to the methods used, note factors that were not accounted for in their model, unknown factors that affect covid outcomes"
COVID-19 healthcare demand projections: Arizona,not evaluable,not evaluable,,Felix,"cases, deaths",compartmental,Long-term,"Scenarios, Interventions",state,"cases, deaths, hospitalizations",NA,no,no,"data, note factors that were not accounted for in their model"
COVID-19 infection data encode a dynamic reproduction number in response to policy decisions with secondary wave implications,none,none,,Felix,cases,compartmental,"Short-term, Long-term",Scenarios,state,cases,NA,no,no,unknown factors that affect covid outcomes
COVID-19 pandemic and Farr's law: A global comparison and prediction of outbreak acceleration and deceleration rates,not evaluable,not evaluable,,Felix,"cases, deaths",statistical,Long-term,,national,"cases, deaths",NA,95% CIs,CIs/PIs,"data, note factors that were not accounted for in their model"
COVID-19: Short term prediction model using daily incidence data,none,none,,Felix,cases,hybrid,Short-term,,"state, county",cases,NA,95% CIs,CIs/PIs,"data, note factors that were not accounted for in their model"
Curbing the COVID-19 pandemic with facility-based isolation of mild cases: a mathematical modeling study,not evaluable,not evaluable,,Felix,"cases, deaths, hospitalizations",compartmental,Long-term,Interventions,"national, regional","cases, deaths",NA,95% CIs,CIs/PIs,"limitations specific to the methods used, note factors that were not accounted for in their model"
Data analysis of Covid-19 pandemic and short-term cumulative case forecasting using machine learning time series methods,metric-based,compare internally,chaos,Felix,cases,statistical,Long-term,,national,cases,"MAE, MAPE, RMSE",no,no,none
Data driven estimation of novel COVID-19 transmission risks through hybrid soft-computing techniques,metric-based,evaluate one model,chaos,Felix,"cases, deaths",statistical,Long-term,,national,"cases, deaths","MAE, MAPE, RMSE, R2",95% CIs,CIs/PIs,none
Data-driven optimized control of the COVID-19 epidemics,not evaluable,not evaluable,,Felix,cases,compartmental,Long-term,"Scenarios, Interventions",city,cases,NA,no,no,"data, note factors that were not accounted for in their model"
Deep learning methods for forecasting COVID-19 time-Series data: A Comparative study,metric-based,compare internally,chaos,Felix,cases,statistical,Short-term,,national,cases,"RMSE, MAPE, MAE, EV, RMSLE",no,no,none
DeepCOVID: An Operational Deep Learning-driven Framework for Explainable Real-time COVID-19 Forecasting,metric-based,compare to hub,hub preprint,Sonia,"cases, deaths, hospitalizations, testing, mobility",statistical,Short-term,,state,"cases, deaths","MAPE, probabilistic interval performance metric used in the COVID-19 Forecast Hub",95% CIs,CIs/PIs,data
DeepGLEAM: A hybrid mechanistic and deep learning model for COVID-19 forecasting,metric-based,compare internally,hub preprint,Sonia,"deaths, mobility",statistical,Short-term,,state,deaths,"MAE, RMSE",multiple CIs,CIs/PIs,none
"Development of an interactive, agent-based local stochastic model of COVID-19 transmission and evaluation of mitigation strategies illustrated for the state of Massachusetts, USA",not evaluable,not evaluable,,Felix,"cases, demographics",statistical,Long-term,"Scenarios, Interventions",zipcode,cases,NA,90% CIs,CIs/PIs,"data, limitations specific to the methods used"
Differential effects of intervention timing on COVID-19 spread in the United States,not evaluable,not evaluable,hub preprint,Sonia,"mobility, cases, deaths",compartmental,Long-term,"Interventions, Scenarios",county,"cases, deaths",NA,95% CIs,CIs/PIs,"unknown factors that affect covid outcomes, note factors that were not accounted for in their model"
Dynamics identification and forecasting of COVID-19 by switching Kalman filters,none,none,,Felix,cases,statistical,Short-term,,"national, state",cases,NA,95% CIs,CIs/PIs,limitations specific to the methods used
Effect of mitigation measures on the spreading of COVID-19 in hard-hit states in the U.S.,not evaluable,not evaluable,,Felix,"cases, deaths",compartmental,Long-term,"Scenarios, Interventions",state,"cases, deaths",NA,no,no,"data, note factors that were not accounted for in their model, limitations specific to the methods used"
"Effects of COVID-19 vaccination timing and risk prioritization on mortality rates, United States",not evaluable,not evaluable,,Felix,"mobility, cases, hospitalizations, demographics",compartmental,Long-term,"Scenarios, Interventions",city,"cases, deaths, hospitalizations",NA,"sensitivity analysis, 95% CIs","sensitivity analysis, CIs/PIs","data, limitations specific to the methods used, note factors that were not accounted for in their model"
Effects of short-term travel on COVID-19 spread: A novel SEIR model and case study in Minnesota,not evaluable,not evaluable,,Felix,"cases, mobility ",compartmental,Long-term,Scenarios,"state, county",cases,NA,no,no,"data, limitations specific to the methods used, note factors that were not accounted for in their model"
EpiCovDA: a mechanistic COVID-19 forecasting model with data assimilation ,metric-based,compare to hub,hub preprint,Sonia,"cases, deaths",statistical,Short-term,,state,"cases, deaths","AE, interval scoring method (CI's that are too wide), MAE, MedAE",95% CIs,CIs/PIs,none
Epidemic Model Guided Machine Learning for COVID-19 Forecasts in the United States,none,none,hub preprint,Felix,"cases, deaths",compartmental,Short-term,,"national, state","cases, deaths",NA,95% CIs,CIs/PIs,"data, note factors that were not accounted for in their model, unknown factors that affect covid outcomes"
Estimation of COVID-19 spread curves integrating global data and borrowing information,metric-based,compare internally,,Kristen,"cases, demographics",statistical,Long-term,,national,cases,MSE,no,no,note factors that were not accounted for in their model
Estimation of undetected symptomatic and asymptomatic cases of COVID-19 infection and prediction of its spread in the USA,not evaluable,not evaluable,,Kristen,"cases, deaths, testing, hospitalizations",compartmental,Long-term,"Interventions, Scenarios",national,"cases, deaths, peak cases, total deaths",NA,no,no,none
Evaluating Scenarios for School Reopening under COVID19,not evaluable,not evaluable,hub preprint,Felix,"cases, demographics",statistical,Long-term,"Interventions, Scenarios",state,"cases, deaths",NA,no,no,note factors that were not accounted for in their model
Evaluating short-term forecasting of COVID-19 cases among different epidemiological models under a Bayesian framework,metric-based,compare internally,,Kristen,cases ,statistical,Short-term,,national,cases,sMAPE,95% CIs,CIs/PIs,"limitations specific to the methods used, unknown factors that affect covid outcomes"
Evaluating the impact of mobility on COVID-19 pandemic with machine learning hybrid predictions,metric-based,evaluate one model,,Kristen,"cases, demographics, climate, mobility, policy",statistical ,Short-term,,county,cases,bias of mean predicted values,95% CIs,CIs/PIs,data
Evaluation of COVID-19 vaccination strategies with a delayed second dose,not evaluable,not evaluable,,Kristen,"demographics, hospitalizations, health risk factors, vaccination",compartmental,Long-term,"Scenarios, Interventions",national,"cases, hospitalizations, deaths",NA,no,no,"data, unknown factors that affect covid outcomes"
EVDHM-ARIMA-Based Time Series Forecasting Model and Its Application for COVID-19 Cases,metric-based,evaluate one model,,Felix,cases,statistical,Long-term,,national,cases,RMSE,95% CIs,CIs/PIs,none
Evolutionary modelling of the COVID-19 pandemic in fifteen most affected countries,none,none,chaos,Kristen,"cases, deaths ",statistical,Short-term,,national,"cases, deaths",NA,no,no,none
Exploring the impacts of travel-implied policy factors on COVID-19 spread within communities based on multi-source data interpretations,metric-based,evaluate one model,,Kristen,"cases, mobility, policy",statistical,Short-term,,county,cases,"MAPE, RMSD",no,no,"data, limited generalizability, unknown factors that affect covid outcomes"
Fast and Accurate Forecasting of COVID-19 Deaths Using the SIkJα Model ,metric-based,compare to hub,hub preprint,Sonia,"cases, deaths",compartmental,Short-term,,"national, state, county",deaths,RMSE,no,no,none
Forecast analysis of the epidemics trend of COVID-19 in the USA by a generalized fractional-order SEIR model,metric-based,evaluate one model,,further discussion,"cases, deaths",compartmental,Short-term,,national,"cases, peak cases",relative error,no,no,unknown factors that affect covid outcomes
Forecast and evaluation of COVID-19 spreading in USA with reduced-space Gaussian process regression,not evaluable,not evaluable,chaos,Kristen,"cases, deaths",statistical,Long-term,,national,"cases, deaths, peak cases, peak deaths, total deaths",NA,no,no,none
"Forecasting and planning during a pandemic: COVID-19 growth rates, supply chain disruptions, and governmental decisions",metric-based,compare internally,,Kristen,"cases, deaths, climate, policy, demographics, health risk factors, mobility","statistical, compartmental",Short-term,,national,growth rate,"MASE, sMAPE, MSIS, PI coverage rate, ACD",PIs,CIs/PIs,"note factors that were not accounted for in their model, data"
Forecasting Brazilian and American COVID-19 cases based on artificial intelligence coupled with climatic exogenous variables,metric-based,compare internally,chaos,Kristen,"cases, deaths, climate",statistical,Short-term,,state,cases,"sMAPE, RMSE, IP",no,no,none
"Forecasting COVID-19 confirmed cases, deaths and recoveries: Revisiting established time series modeling through novel applications for the USA and Italy",metric-based,compare internally,,Kristen,"cases, deaths",statistical,Short-term,,national,"cases, deaths","MAE, MAPE",90% PIs,CIs/PIs,"data, note factors that were not accounted for in their model"
"Forecasting COVID-19 impact on hospital bed-days, ICU-days, ventilator-days and deaths by US state in the next 4 months",not evaluable,not evaluable,hub preprint,Felix,"deaths, hospitalizations",statistical,Long-term,,state,"deaths, hospitalizations",NA,95% CIs,CIs/PIs,"note factors that were not accounted for in their model, limitations specific to the methods used"
Forecasting COVID-19 pandemic using optimal singular spectrum analysis,metric-based,compare internally,chaos,Kristen,"cases, deaths, testing, policy, mobility, demographics, human behavior",statistical,Short-term,,national,"cases, deaths",RMSE,no,no,limitations specific to the methods used
"Forecasting incidences of COVID-19 using Box-Jenkins method for the period July 12-Septembert 11, 2020: A study on highly affected countries",not evaluable,not evaluable,chaos,Kristen,cases,statistical,Long-term,,national,"cases, growth rate",NA,no,no,none
Forecasting spread of COVID-19 using google trends: A hybrid GWO-deep learning approach,metric-based,compare internally,chaos,Kristen,"cases, deaths, human behavior",statistical,Short-term,,national,"cases, deaths","MAPE, nRMSE",no,no,none
"Forecasting the cumulative number of confirmed cases of COVID-19 in Italy, UK and USA using fractional nonlinear grey Bernoulli model",metric-based,compare internally,chaos,Kristen,cases,statistical,Short-term,,national,"cases, growth rate","RMSE, MAPE, R2",no,no,none
Forecasting the patterns of COVID-19 and causal impacts of lockdown in top five affected countries using Bayesian Structural Time Series Models,metric-based,compare internally,chaos,Kristen,"cases, deaths, testing",statistical,Short-term,,national,"cases, deaths, critical care beds, ventilators","RMSE, MAE, RMSPE, RMdSPE",some kind of PIs,CIs/PIs,"data, note factors that were not accounted for in their model"
Forecasting the spread of COVID-19 under different reopening strategies,not evaluable,not evaluable,,Kristen,"cases, climate, mobility, demographics",compartmental,Long-term,"Scenarios, Interventions",national,cases,NA,no,no,none
Generalized SIR (GSIR) epidemic model: An improved framework for the predictive monitoring of COVID-19 pandemic,not evaluable,not evaluable,,Sonia,"cases, deaths",hybrid,Long-term,Scenarios,national,deaths,NA,no,no,none
Going by the numbers: Learning and modeling COVID-19 disease dynamics,metric-based,evaluate one model,chaos,Kristen,"cases, deaths",statistical,Short-term,,"national, county","cases, deaths",RMSE,no,no,none
Gradient-based grey wolf optimizer with Gaussian walk: Application in modelling and prediction of the COVID-19 pandemic,not evaluable,not evaluable,,Kristen,"cases, deaths",hybrid,Long-term,"Scenarios, Interventions",national,"cases, deaths, ICU admissions, peak cases, peak deaths, peak ICU admissions",NA,no,no,"note factors that were not accounted for in their model, limitations specific to the methods used"
How relevant is the decision of containment measures against COVID-19 applied ahead of time?,not evaluable,not evaluable,chaos,Kristen,cases,compartmental,Long-term,"Scenarios, Interventions",national,"cases, symptomatic cases",NA,some kind of PIs shown on plots but not specified what it is,CIs/PIs,none
Impact of US vaccination strategy on COVID-19 wave dynamics,not evaluable,not evaluable,,Kristen,"mobility, cases",statistical,Long-term,"Scenarios, Interventions",regional (groups of states),cases,NA,no,no,none
"Impacts of K-12 school reopening on the COVID-19 epidemic in Indiana, USA",not evaluable,not evaluable,,Sonia,"deaths, hospitalizations, mobility, human behavior",compartmental,Long-term,"Scenarios, Interventions",state,"cases, hospitalizations, deaths",NA,95% posterior predictive interval,CIs/PIs,"note factors that were not accounted for in their model, unknown factors that affect covid outcomes"
Implementation of the SutteARIMA method to predict short-term cases of stock market and COVID-19 pandemic in USA,metric-based,evaluate one model,,Sonia,"cases, stock market data",statistical,Short-term,,national,cases,MAPE,99% Upper and Lower Limit,CIs/PIs,none
Infection rate models for COVID-19: Model risk and public health news sentiment exposure adjustments,metric-based,compare internally,,Felix-further discussion,"cases, human behavior",statistical,Short-term,,national,cases,"DIC, MAE, MAPE, MASE, RMSE",95% CIs,CIs/PIs,data
Initial Simulation of SARS-CoV2 Spread and Intervention Effects in the Continental US,not evaluable,not evaluable,hub preprint,Felix,"cases, mobility",compartmental,Long-term,"Interventions, Scenarios",county,cases,NA,no,no,none
Interpretable Sequence Learning for COVID-19 Forecasting,metric-based,compare to hub,hub preprint,Felix,"cases, deaths, mobility, demographics, climate, testing, hospital resources",hybrid,Short-term,,"state, county","cases, deaths, hospitalizations",MAE,80% CIs,CIs/PIs,"data, limitations specific to the methods used"
"Interpreting, analysing and modelling COVID-19 mortality data",metric-based,evaluate one model,,further discussion,"deaths, demographics, policy",statistical,Short-term,,national,deaths,percent error,80% PIs,CIs/PIs,none
Maximum likelihood-based extended Kalman filter for COVID-19 prediction,metric-based,evaluate one model,,Felix-further discussion,"cases, deaths",hybrid,Short-term,,national,"cases, deaths","MAE, RMSE",no,no,data
Modeling and forecasting of COVID-19 using a hybrid dynamic model based on SEIRD with ARIMA corrections,not evaluable,not evaluable,,Kristen,"cases, deaths ",hybrid,Long-term ,,national,"cases, deaths","MAE, MSE, MLSE, nMAE, nMSE",95% CIs,CIs/PIs,"limitations specific to the methods used, note factors that were not accounted for in their model"
Modeling and prediction of COVID-19 pandemic using Gaussian mixture model,metric-based,evaluate one model,,further discussion,cases,statistical,Short-term,,national,"cases, peak cases, end dates of pandemic",MAE ,95% CIs,CIs/PIs,none
Modeling COVID-19 Dynamics in Illinois under Nonpharmaceutical Interventions,not evaluable,not evaluable,,Kristen,hospitalizations,hybrid,Long-term,"Scenarios, Interventions","state, regional (within state)","deaths, hospitalizations, ICU admissions",NA,"70% CIs, 95% CIs",CIs/PIs,"limitations specific to the methods used, data, unknown factors that affect covid outcomes, note factors that were not accounted for in their model"
Modeling COVID-19 scenarios for the United States,not evaluable,not evaluable,,Kristen,"cases, deaths, mobility, testing",compartmental,Long-term,"Scenarios, Interventions",state ,"cases, deaths",NA,no,no,"limitations specific to the methods used, data"
Modeling the transmission of COVID-19 in the US ‚Äì A case study,not evaluable,not evaluable,,Kristen,cases,compartmental,Long-term,Scenarios,county,"exposed, cases, hospitalizations",NA,no,no,"note factors that were not accounted for in their model, data"
"Modeling, state estimation, and optimal control for the US COVID-19 outbreak",not evaluable,not evaluable,,Kristen,"cases, deaths",compartmental,Long-term,Scenarios,national,"cases, deaths",NA,no,no,"note factors that were not accounted for in their model, data, unknown factors that affect covid outcomes, limitations specific to the methods used"
Modelling and forecasting of growth rate of new COVID-19 cases in top nine affected countries: Considering conditional variance and asymmetric effect,metric-based,compare internally,chaos,Kristen,cases,statistical,Short-term,,national,growth rate,RMSE,no ,no,none
Neural Relational Autoregression for High-Resolution COVID-19 Forecasting.,metric-based,compare to hub,hub preprint,Felix,"cases, mobility, testing, climate",statistical,Short-term,,county,cases,MAE,no,no,limitations specific to the methods used
Non-Pharmaceutical Interventions as Controls to mitigate the spread of epidemics: An analysis using a spatiotemporal PDE model and COVID-19 data,not evaluable,not evaluable,,Sonia,"cases, deaths",compartmental,"Short-term, Long-term","Scenarios, Interventions",state,"cases, deaths",NA,no,no,"note factors that were not accounted for in their model, data"
On an interval prediction of COVID-19 development based on a SEIR epidemic model,not evaluable,not evaluable,,further discussion,"cases, deaths",compartmental,Long-term,"Scenarios, Interventions",state,cases,NA,PIs,CIs/PIs,none
On forecasting the community-level COVID-19 cases from the concentration of SARS-CoV-2 in wastewater,metric-based,compare internally,,Kristen,"cases, wastewater concentration of covid-19",statistical,Short-term,,county,cases,"MAE, MAPE",95% CIs,CIs/PIs,"limitations specific to the methods used, data"
Optimization using the firefly algorithm of ensemble neural networks with type-2 fuzzy integration for COVID-19 time series prediction,metric-based,compare internally,,Sonia,"cases, deaths",statistical,Short-term,,national,"cases, deaths",MSE,no,no,none
Pandemic velocity: Forecasting COVID-19 in the US with a machine learning &amp; Bayesian time series compartmental model,metric-based,evaluate one model,,Kristen,"cases, deaths",hybrid,"Short-term, Long-term",,state,"cases, deaths ",MASE,95% CIs,CIs/PIs,"note factors that were not accounted for in their model, unknown factors that affect covid outcomes, limitations specific to the methods used"
Population agglomeration is a harbinger of the spatial complexity of COVID-19,not evaluable,not evaluable,,further discussion,"cases, demographics",compartmental,Long-term,"Scenarios, Interventions",county,"""spectral slope"" (indicator of cases)",NA,looks like there's some kind of PI,CIs/PIs,none
Predicting mortality for Covid-19 in the US using the delayed elasticity method,not evaluable,not evaluable,,Kristen,"cases, deaths",statistical,Long-term,,"national, state, city",deaths ,NA,some kind of PI,CIs/PIs,"note factors that were not accounted for in their model, unknown factors that affect covid outcomes, data"
"Predicting the second wave of COVID-19 in Washtenaw County, MI",not evaluable,not evaluable,,Kristen,"cases, hospitalizations, deaths, demographics",compartmental,Long-term,"Scenarios, Interventions",county,"cases, hospitalizations, deaths",NA,some kind of PI. show full range of simulations that fall within a 10% error tolerance ,CIs/PIs,"note factors that were not accounted for in their model, limited generalizability"
"Predicting turning point, duration and attack rate of COVID-19 outbreaks in major Western countries",none,none,chaos,Kristen,cases,statistical,Short-term,,national,"cases, peak cases date, duration of outbreak, attack rate",NA,no,no,none
Projected COVID-19 epidemic in the United States in the context of the effectiveness of a potential vaccine and implications for social distancing and face mask use,not evaluable,not evaluable,,Kristen,"cases, deaths",compartmental,Long-term,"Scenarios, Interventions",state,"cases, deaths",NA,95% CIs,CIs/PIs,note factors that were not accounted for in their model
Public mobility data enables COVID-19 forecasting and management at local and global scales,metric-based,evaluate one model,,Kristen,"cases, deaths, mobility, policy",statistical,Short-term,,state,cases,percent error,no,no,"note factors that were not accounted for in their model, limited generalizability"
Quantifying compliance with COVID-19 mitigation policies in the US: A mathematical modeling study,metric-based,evaluate one model,,Kristen,"cases, policy, mobility",statistical,Short-term ,,regional (groups of states),cases,MAPE,no,no,none
REAL-TIME MECHANISTIC BAYESIAN FORECASTS OF COVID-19 MORTALITY,metric-based,compare to hub,hub preprint,Felix,"cases, deaths",hybrid,Short-term,,state,deaths,"MAE, PI coverage rate",95% CIs,CIs/PIs,data
Replicating and projecting the path of COVID-19 with a model-implied reproduction number,not evaluable,not evaluable,,Kristen,"cases, deaths",compartmental,Long-term,,national,cases,NA,no,no,none
Risk of a second wave of Covid-19 infections: using artificial intelligence to investigate stringency of physical distancing policies in North America,none,none,,Kristen,"cases, deaths, policy",hybrid,Short-term,,"national, county ",cases,NA,"75% CIs, 95% CIs",CIs/PIs,note factors that were not accounted for in their model
RLIM: a recursive and latent infection model for the prediction of US COVID-19 infections and turning points,metric-based,evaluate one model,,Sonia,cases,hybrid,Short-term,,state,cases,"MSE, RMSE, AFER",no,no,none
Simple discrete-time self-exciting models can describe complex dynamic processes: A case study of COVID-19,none,none,,Kristen,"cases, deaths",statistical,Short-term,,national,deaths,NA,95% PIs,CIs/PIs,"note factors that were not accounted for in their model, data"
Social distancing mediated generalized model to predict epidemic spread of COVID-19,not evaluable,not evaluable,,Sonia,"cases, policy",statistical,Long-term,"Scenarios, Interventions",national,growth rate,NA,no,no,none
Space-time covid-19 Bayesian SIR modeling in South Carolina,metric-based,compare internally,,Kristen,"cases, deaths, demographics",compartmental,Short-term,,county,cases,"MSPE, MSE",95% CIs,CIs/PIs,data
"Spatiotemporal Dynamics, Nowcasting and Forecasting of COVID-19 in the United States",metric-based,evaluate one model,hub preprint,Felix,"cases, deaths, policy, demographics, mobility",hybrid,Short-term,,"state, county","cases, deaths","RMSE, PI coverage rate",95% CIs,CIs/PIs,note factors that were not accounted for in their model
Spatiotemporal transmission dynamics of the COVID-19 pandemic and its impact on critical healthcare capacity,not evaluable,not evaluable,,Sonia,"cases, hospitalizations, deaths",compartmental,Long-term,"Scenarios, Interventions",county,"cases, hospitalizations, deaths, ICU admissions",NA,95% CIs,CIs/PIs,"note factors that were not accounted for in their model, limited generalizability"
STAN: Spatio-Temporal Attention Network for Pandemic Prediction Using Real World Evidence,metric-based,compare internally,hub preprint,Felix,"cases, demographics, hospitalizations",statistical,Short-term,,"state, county",cases,"MSE, MAE, CCC",95% CIs,CIs/PIs,"data, limitations specific to the methods used"
State-level tracking of COVID-19 in the United States,metric-based,"compare to hub, compare internally",,Sonia,"cases, mobility, deaths",statistical,Short-term,,state,"deaths, RT","MAE, CRPS, PI coverage rate","95% CIs, 50% CIs",CIs/PIs,none
State-specific projection of COVID-19 infection in the United States and evaluation of three major control measures,not evaluable,not evaluable,,Sonia,"cases, mobility, deaths",compartmental,Long-term,"Scenarios, Interventions",state,cases,NA,no,no,note factors that were not accounted for in their model
System inference for the spatio-temporal evolution of infectious diseases: Michigan in the time of COVID-19,not evaluable,not evaluable,,Sonia,"cases, deaths",compartmental,Long-term,"Scenarios, Interventions",county,"parameters, cases, deaths",NA,no,no,none
The Benefits of Vaccinating With the First Available COVID-19 Coronavirus Vaccine,not evaluable,not evaluable,,Sonia,"cases, health risk factors",compartmental,Long-term,"Scenarios, Interventions",national,"cases, costs, hospitalizations",NA,no,no,"data, note factors that were not accounted for in their model, unknown factors that affect covid outcomes"
The challenges of modeling and forecasting the spread of COVID-19,none,none,,Sonia,"cases, deaths","compartmental, statistical","Short-term, Long-term","Interventions, Scenarios",state,"cases, RT",NA,95% CIs,CIs/PIs,"data, note factors that were not accounted for in their model"
The effect of eviction moratoria on the transmission of SARS-CoV-2,not evaluable,not evaluable,,Sonia,"cases, deaths, demographics",hybrid,Long-term,"Scenarios, Interventions",city,cases,NA,90% CIs,CIs/PIs,"note factors that were not accounted for in their model, unknown factors that affect covid outcomes"
The end of social confinement and COVID-19 re-emergence risk,not evaluable,not evaluable,,further discussion,"cases, deaths",compartmental,Long-term,"Scenarios, Interventions",national,"cases, deaths",NA,no,no,"note factors that were not accounted for in their model, limitations specific to the methods used, unknown factors that affect covid outcomes, data"
The forecast of COVID-19 spread risk at the county level,metric-based,compare internally,,Sonia,"mobility, demographics, cases, deaths",statistical,Short-term,,county,cases,"MAE, R2",no,no,none
The impact of vaccination to control COVID-19 burden in the United States: A simulation modeling approach,not evaluable,not evaluable,,Sonia,"mobility, cases",compartmental,Long-term,"Scenarios, Interventions",city,cases,NA,no,no,"note factors that were not accounted for in their model, unknown factors that affect covid outcomes"
The Interplay of Demographic Variables and Social Distancing Scores in Deep Prediction of U.S. COVID-19 Cases,none,none,,Sonia,"cases, deaths, demographics, mobility",statistical,Short-term,,county,cases,NA,no,no,"unknown factors that affect covid outcomes, note factors that were not accounted for in their model"
The predicted trend of COVID-19 in the United States of America under the policy of ‚ÄúOpening Up America Again‚Äù,not evaluable,not evaluable,,Sonia,"cases, deaths",statistical,Long-term,,national,"cases, deaths",NA,no,no,none
The spatiotemporal estimation of the risk and the international transmission of COVID-19: a global perspective,not evaluable,not evaluable,,Sonia,"mobility, cases, demographics",statistical ,Long-term,Scenarios,national,cases,NA,no,no,unknown factors that affect covid outcomes
The suppression effect of emotional contagion in the COVID-19 pandemic: A multilayer hybrid modelling and simulation approach,none,none,,Sonia,"cases, deaths",hybrid,Short-term,,city,cases,NA,no,no,note factors that were not accounted for in their model
Time series forecasting of Covid-19 using deep learning models: India-USA comparative case study,metric-based,compare internally,chaos,Sonia,"cases, deaths",statistical,Short-term,,national,"cases, deaths","MAPE, accuracy, precision",no,no,none
Time series prediction of COVID-19 transmission in America using LSTM and XGBoost algorithms,metric-based,compare internally,,Sonia,cases,statistical,Short-term,,national,cases,"MAE, MSE, RMSE, MAPE",no,no,"note factors that were not accounted for in their model, limited generalizability"
"Time-dependent heterogeneity leads to transient suppression of the COVID-19 epidemic, not herd immunity",not evaluable,not evaluable,,Sonia,"deaths, hospitalizations",hybrid,Long-term,,city,deaths,NA,95% CIs,CIs/PIs,"note factors that were not accounted for in their model, unknown factors that affect covid outcomes"
Time-variant reliability-based prediction of COVID-19 spread using extended SEIVR model and Monte Carlo sampling,not evaluable,not evaluable,,kristen-further discussion,"cases, deaths",compartmental ,Long-term,"Scenarios, Interventions",national,"cases, deaths, curves of probabilities that cases/deaths/recoveries will exceed certain values",NA,exceedance probabilities (prob that true value will exceed a given value),CIs/PIs,unknown factors that affect covid outcomes
Timing social distancing to avert unmanageable COVID-19 hospital surges,not evaluable,not evaluable,,Sonia,"hospitalizations, policy, human behavior",compartmental,Long-term,"Scenarios, Interventions",city,"hospitalizations, deaths",NA,90% prediction interval based on 300 simulations,CIs/PIs,"limited generalizability, note factors that were not accounted for in their model"
"Weather, Mobility, and COVID-19: A Panel Local Projections Estimator for Understanding and Forecasting Infectious Disease Spread",metric-based,evaluate one model,hub preprint,Felix,"cases, deaths, mobility, climate",hybrid,"Short-term, Long-term",,county,cases,"RMSE, pearson correlation",no,no,"data, note factors that were not accounted for in their model"
State-level needs for social distancing and contact tracing to contain COVID-19 in the United States,not evaluable,not evaluable,,Sonia,"cases, mobility",compartmental,Long-term,"Scenarios, Interventions",state,"cases, deaths",NA,CIs/Pis,CIs/PIs,"note factors that were not accounted for in their model, data"